{
  "config": {
    "step": {
      "user": {
        "title": "Set up Norway Alerts",
        "description": "Configure warning type and notification settings",
        "data": {
          "warning_type": "Warning Type",
          "lang": "Language",
          "test_mode": "Test Mode (inject fake alerts)",
          "enable_notifications": "Enable Notifications",
          "notification_severity": "Notification Severity Threshold"
        }
      },
      "location": {
        "title": "Configure Alert Location",
        "description": "Enter location details for {warning_type} warnings",
        "data": {
          "county_id": "County",
          "municipality_filter": "Municipality Filter (optional, comma-separated)",
          "latitude": "Latitude",
          "longitude": "Longitude"
        }
      }
    },
    "error": {
      "cannot_connect": "Failed to connect to API. Please check your settings and try again.",
      "missing_county": "County is required for this warning type.",
      "missing_location": "Latitude and longitude are required for weather alerts.",
      "unknown": "Unexpected error occurred"
    },
    "abort": {
      "already_configured": "This location and warning type combination is already configured"
    }
  },
  "options": {
    "step": {
      "init": {
        "title": "Update Norway Alerts Configuration",
        "description": "Update settings for this alert sensor",
        "data": {
          "county_id": "County",
          "warning_type": "Warning Type",
          "lang": "Language",
          "municipality_filter": "Municipality Filter (optional, comma-separated)",
          "latitude": "Latitude",
          "longitude": "Longitude",
          "test_mode": "Test Mode (inject fake alerts)",
          "enable_notifications": "Enable Notifications",
          "notification_severity": "Notification Severity Threshold"
        }
      }
    },
    "error": {
      "cannot_connect": "Failed to connect to API. Please check your settings and try again.",
      "missing_county": "County is required for this warning type.",
      "missing_location": "Latitude and longitude are required for weather alerts.",
      "unknown": "Unexpected error occurred"
    }
  }
}
